-- ============================================================================
-- 智慧校园服务系统 测试数据脚本（完整重构版 v10.0）
-- 包含：25张表测试数据，字段严格对齐建表DDL及后端entity/pojo类
-- 设计原则：
--   1. 严格按外键依赖顺序插入（父表先于子表）
--   2. 排课记录零冲突（教师、教室、班级、时段、周次互不重叠）
--   3. 选修/必修课程符合大学教学实际
--   4. 管理员/教师/学生默认密码：Password123!
--   5. 学院/专业/班级/学期数据真实合理
--   6. 所有字段名严格对齐DDL，无多余字段、无遗漏必填字段
-- ============================================================================

-- BCrypt 密文 Password123! → $2b$12$y8BVXzDC9FYnmFs4ApTXVe6oL/UYuz8MLlAKjFpp4qjGalfg8nMcm

USE smart_campus;

-- ============================================================================
-- 一、学院表（8条，无外键依赖）
-- ============================================================================
INSERT INTO college (id, college_code, college_name, dean, contact_phone, status, create_time, update_time) VALUES
(1, 'CS',    '计算机科学与技术学院', '赵建国', '0371-67781001', '正常', '2023-09-01 08:00:00', '2023-09-01 08:00:00'),
(2, 'SE',    '软件学院',             '钱明辉', '0371-67781002', '正常', '2023-09-01 08:00:00', '2023-09-01 08:00:00'),
(3, 'MATH',  '数学与统计学院',       '孙志远', '0371-67781003', '正常', '2023-09-01 08:00:00', '2023-09-01 08:00:00'),
(4, 'ENG',   '外国语学院',           '李芳华', '0371-67781004', '正常', '2023-09-01 08:00:00', '2023-09-01 08:00:00'),
(5, 'ECON',  '经济管理学院',         '周文博', '0371-67781005', '正常', '2023-09-01 08:00:00', '2023-09-01 08:00:00'),
(6, 'CHN',   '文学与新闻传播学院',   '吴雅琴', '0371-67781006', '正常', '2023-09-01 08:00:00', '2023-09-01 08:00:00'),
(7, 'EE',    '电子信息工程学院',     '郑国强', '0371-67781007', '正常', '2023-09-01 08:00:00', '2023-09-01 08:00:00'),
(8, 'LAW',   '法学院',               '王正义', '0371-67781008', '正常', '2023-09-01 08:00:00', '2023-09-01 08:00:00');

-- ============================================================================
-- 二、专业表（20条，FK→college）
-- ============================================================================
INSERT INTO major (id, college_id, major_code, major_name, study_years, status, create_time, update_time) VALUES
(1,  1, 'CS080901', '计算机科学与技术',     4, '正常', '2023-09-01 08:00:00', '2023-09-01 08:00:00'),
(2,  1, 'CS080717', '人工智能',             4, '正常', '2023-09-01 08:00:00', '2023-09-01 08:00:00'),
(3,  1, 'CS080910', '数据科学与大数据技术', 4, '正常', '2023-09-01 08:00:00', '2023-09-01 08:00:00'),
(4,  2, 'SE080902', '软件工程',             4, '正常', '2023-09-01 08:00:00', '2023-09-01 08:00:00'),
(5,  2, 'SE080911', '网络信息安全',         4, '正常', '2023-09-01 08:00:00', '2023-09-01 08:00:00'),
(6,  2, 'SE080912', '数字媒体技术',         4, '正常', '2023-09-01 08:00:00', '2023-09-01 08:00:00'),
(7,  3, 'MATH70101', '数学与应用数学',      4, '正常', '2023-09-01 08:00:00', '2023-09-01 08:00:00'),
(8,  3, 'MATH71201', '统计学',              4, '正常', '2023-09-01 08:00:00', '2023-09-01 08:00:00'),
(9,  4, 'ENG050201', '英语',                4, '正常', '2023-09-01 08:00:00', '2023-09-01 08:00:00'),
(10, 4, 'ENG050207', '日语',                4, '正常', '2023-09-01 08:00:00', '2023-09-01 08:00:00'),
(11, 5, 'ECON20203', '会计学',              4, '正常', '2023-09-01 08:00:00', '2023-09-01 08:00:00'),
(12, 5, 'ECON20201', '工商管理',            4, '正常', '2023-09-01 08:00:00', '2023-09-01 08:00:00'),
(13, 5, 'ECON20401', '国际经济与贸易',      4, '正常', '2023-09-01 08:00:00', '2023-09-01 08:00:00'),
(14, 5, 'ECON20202', '市场营销',            4, '正常', '2023-09-01 08:00:00', '2023-09-01 08:00:00'),
(15, 6, 'CHN050101', '汉语言文学',          4, '正常', '2023-09-01 08:00:00', '2023-09-01 08:00:00'),
(16, 6, 'CHN050301', '新闻学',              4, '正常', '2023-09-01 08:00:00', '2023-09-01 08:00:00'),
(17, 7, 'EE080703',  '通信工程',            4, '正常', '2023-09-01 08:00:00', '2023-09-01 08:00:00'),
(18, 7, 'EE080702',  '电子科学与技术',      4, '正常', '2023-09-01 08:00:00', '2023-09-01 08:00:00'),
(19, 8, 'LAW30101',  '法学',                4, '正常', '2023-09-01 08:00:00', '2023-09-01 08:00:00'),
(20, 8, 'LAW30201',  '行政管理',            4, '正常', '2023-09-01 08:00:00', '2023-09-01 08:00:00');

-- ============================================================================
-- 三、教师表（25条，FK→college，密码：Password123!）
-- ============================================================================
INSERT INTO teacher (id, teacher_no, name, gender, college_id, title, phone, email, password, account_status, status, create_time, update_time) VALUES
(1,  'T2021001', '张建国', '男', 1, '教授',   '13800001001', 'zhangjg@campus.edu.cn',   '$2b$12$y8BVXzDC9FYnmFs4ApTXVe6oL/UYuz8MLlAKjFpp4qjGalfg8nMcm', '正常', '在职', '2023-09-01 08:00:00', '2023-09-01 08:00:00'),
(2,  'T2021002', '李明慧', '女', 1, '副教授', '13800001002', 'limh@campus.edu.cn',      '$2b$12$y8BVXzDC9FYnmFs4ApTXVe6oL/UYuz8MLlAKjFpp4qjGalfg8nMcm', '正常', '在职', '2023-09-01 08:00:00', '2023-09-01 08:00:00'),
(3,  'T2021003', '王志远', '男', 1, '讲师',   '13800001003', 'wangzy@campus.edu.cn',    '$2b$12$y8BVXzDC9FYnmFs4ApTXVe6oL/UYuz8MLlAKjFpp4qjGalfg8nMcm', '正常', '在职', '2023-09-01 08:00:00', '2023-09-01 08:00:00'),
(4,  'T2021004', '赵文博', '男', 2, '讲师',   '13800001004', 'zhaowb@campus.edu.cn',    '$2b$12$y8BVXzDC9FYnmFs4ApTXVe6oL/UYuz8MLlAKjFpp4qjGalfg8nMcm', '正常', '在职', '2023-09-01 08:00:00', '2023-09-01 08:00:00'),
(5,  'T2021005', '钱雪琴', '女', 2, '教授',   '13800001005', 'qianxq@campus.edu.cn',    '$2b$12$y8BVXzDC9FYnmFs4ApTXVe6oL/UYuz8MLlAKjFpp4qjGalfg8nMcm', '正常', '在职', '2023-09-01 08:00:00', '2023-09-01 08:00:00'),
(6,  'T2021006', '孙晓东', '男', 2, '讲师',   '13800001006', 'sunxd@campus.edu.cn',     '$2b$12$y8BVXzDC9FYnmFs4ApTXVe6oL/UYuz8MLlAKjFpp4qjGalfg8nMcm', '正常', '在职', '2023-09-01 08:00:00', '2023-09-01 08:00:00'),
(7,  'T2021007', '周德明', '男', 3, '教授',   '13800001007', 'zhoudm@campus.edu.cn',    '$2b$12$y8BVXzDC9FYnmFs4ApTXVe6oL/UYuz8MLlAKjFpp4qjGalfg8nMcm', '正常', '在职', '2023-09-01 08:00:00', '2023-09-01 08:00:00'),
(8,  'T2021008', '吴雅婷', '女', 3, '讲师',   '13800001008', 'wuyt@campus.edu.cn',      '$2b$12$y8BVXzDC9FYnmFs4ApTXVe6oL/UYuz8MLlAKjFpp4qjGalfg8nMcm', '正常', '在职', '2023-09-01 08:00:00', '2023-09-01 08:00:00'),
(9,  'T2021009', '郑丽华', '女', 4, '教授',   '13800001009', 'zhenglh@campus.edu.cn',   '$2b$12$y8BVXzDC9FYnmFs4ApTXVe6oL/UYuz8MLlAKjFpp4qjGalfg8nMcm', '正常', '在职', '2023-09-01 08:00:00', '2023-09-01 08:00:00'),
(10, 'T2021010', '冯志强', '男', 4, '讲师',   '13800001010', 'fengzq@campus.edu.cn',    '$2b$12$y8BVXzDC9FYnmFs4ApTXVe6oL/UYuz8MLlAKjFpp4qjGalfg8nMcm', '正常', '在职', '2023-09-01 08:00:00', '2023-09-01 08:00:00'),
(11, 'T2021011', '陈伟民', '男', 5, '教授',   '13800001011', 'chenwm@campus.edu.cn',    '$2b$12$y8BVXzDC9FYnmFs4ApTXVe6oL/UYuz8MLlAKjFpp4qjGalfg8nMcm', '正常', '在职', '2023-09-01 08:00:00', '2023-09-01 08:00:00'),
(12, 'T2021012', '杨晓燕', '女', 5, '讲师',   '13800001012', 'yangxy@campus.edu.cn',    '$2b$12$y8BVXzDC9FYnmFs4ApTXVe6oL/UYuz8MLlAKjFpp4qjGalfg8nMcm', '正常', '在职', '2023-09-01 08:00:00', '2023-09-01 08:00:00'),
(13, 'T2021013', '黄美玲', '女', 6, '教授',   '13800001013', 'huangml@campus.edu.cn',   '$2b$12$y8BVXzDC9FYnmFs4ApTXVe6oL/UYuz8MLlAKjFpp4qjGalfg8nMcm', '正常', '在职', '2023-09-01 08:00:00', '2023-09-01 08:00:00'),
(14, 'T2021014', '刘志刚', '男', 6, '讲师',   '13800001014', 'liuzg@campus.edu.cn',     '$2b$12$y8BVXzDC9FYnmFs4ApTXVe6oL/UYuz8MLlAKjFpp4qjGalfg8nMcm', '正常', '在职', '2023-09-01 08:00:00', '2023-09-01 08:00:00'),
(15, 'T2021015', '马国栋', '男', 7, '教授',   '13800001015', 'magd@campus.edu.cn',      '$2b$12$y8BVXzDC9FYnmFs4ApTXVe6oL/UYuz8MLlAKjFpp4qjGalfg8nMcm', '正常', '在职', '2023-09-01 08:00:00', '2023-09-01 08:00:00'),
(16, 'T2021016', '朱秀英', '女', 7, '讲师',   '13800001016', 'zhuxy@campus.edu.cn',     '$2b$12$y8BVXzDC9FYnmFs4ApTXVe6oL/UYuz8MLlAKjFpp4qjGalfg8nMcm', '正常', '在职', '2023-09-01 08:00:00', '2023-09-01 08:00:00'),
(17, 'T2021017', '胡正平', '男', 8, '教授',   '13800001017', 'huzp@campus.edu.cn',      '$2b$12$y8BVXzDC9FYnmFs4ApTXVe6oL/UYuz8MLlAKjFpp4qjGalfg8nMcm', '正常', '在职', '2023-09-01 08:00:00', '2023-09-01 08:00:00'),
(18, 'T2021018', '何秀兰', '女', 8, '讲师',   '13800001018', 'hexl@campus.edu.cn',      '$2b$12$y8BVXzDC9FYnmFs4ApTXVe6oL/UYuz8MLlAKjFpp4qjGalfg8nMcm', '正常', '在职', '2023-09-01 08:00:00', '2023-09-01 08:00:00'),
(19, 'T2021019', '徐海峰', '男', 1, '教授',   '13800001019', 'xuhf@campus.edu.cn',      '$2b$12$y8BVXzDC9FYnmFs4ApTXVe6oL/UYuz8MLlAKjFpp4qjGalfg8nMcm', '正常', '在职', '2023-09-01 08:00:00', '2023-09-01 08:00:00'),
(20, 'T2021020', '林小梅', '女', 1, '讲师',   '13800001020', 'linxm@campus.edu.cn',     '$2b$12$y8BVXzDC9FYnmFs4ApTXVe6oL/UYuz8MLlAKjFpp4qjGalfg8nMcm', '正常', '在职', '2023-09-01 08:00:00', '2023-09-01 08:00:00'),
(21, 'T2021021', '石磊',   '男', 2, '讲师',   '13800001021', 'shil@campus.edu.cn',      '$2b$12$y8BVXzDC9FYnmFs4ApTXVe6oL/UYuz8MLlAKjFpp4qjGalfg8nMcm', '正常', '在职', '2023-09-01 08:00:00', '2023-09-01 08:00:00'),
(22, 'T2021022', '高玉兰', '女', 2, '讲师',   '13800001022', 'gaoyl@campus.edu.cn',     '$2b$12$y8BVXzDC9FYnmFs4ApTXVe6oL/UYuz8MLlAKjFpp4qjGalfg8nMcm', '正常', '在职', '2023-09-01 08:00:00', '2023-09-01 08:00:00'),
(23, 'T2021023', '吕良伟', '男', 4, '讲师',   '13800001023', 'lvlw@campus.edu.cn',      '$2b$12$y8BVXzDC9FYnmFs4ApTXVe6oL/UYuz8MLlAKjFpp4qjGalfg8nMcm', '正常', '在职', '2023-09-01 08:00:00', '2023-09-01 08:00:00'),
(24, 'T2021024', '施慧芳', '女', 7, '讲师',   '13800001024', 'shihf@campus.edu.cn',     '$2b$12$y8BVXzDC9FYnmFs4ApTXVe6oL/UYuz8MLlAKjFpp4qjGalfg8nMcm', '正常', '在职', '2023-09-01 08:00:00', '2023-09-01 08:00:00'),
(25, 'T2021025', '曹建军', '男', 5, '讲师',   '13800001025', 'caojj@campus.edu.cn',     '$2b$12$y8BVXzDC9FYnmFs4ApTXVe6oL/UYuz8MLlAKjFpp4qjGalfg8nMcm', '正常', '在职', '2023-09-01 08:00:00', '2023-09-01 08:00:00');

-- ============================================================================
-- 四、班级表（30条，FK→major, FK→teacher，每个专业1-2个班）
-- ============================================================================
INSERT INTO class (id, major_id, class_name, head_teacher_id, status, create_time, update_time) VALUES
(1,  1,  '计科2101',     1,  '在读', '2023-09-01 08:00:00', '2023-09-01 08:00:00'),
(2,  1,  '计科2102',     2,  '在读', '2023-09-01 08:00:00', '2023-09-01 08:00:00'),
(3,  2,  '人工智能2101', 19, '在读', '2023-09-01 08:00:00', '2023-09-01 08:00:00'),
(4,  2,  '人工智能2102', 20, '在读', '2023-09-01 08:00:00', '2023-09-01 08:00:00'),
(5,  3,  '数据科学2101', 3,  '在读', '2023-09-01 08:00:00', '2023-09-01 08:00:00'),
(6,  3,  '数据科学2102', 3,  '在读', '2023-09-01 08:00:00', '2023-09-01 08:00:00'),
(7,  4,  '软件工程2101', 5,  '在读', '2023-09-01 08:00:00', '2023-09-01 08:00:00'),
(8,  4,  '软件工程2102', 5,  '在读', '2023-09-01 08:00:00', '2023-09-01 08:00:00'),
(9,  5,  '网安2101',     4,  '在读', '2023-09-01 08:00:00', '2023-09-01 08:00:00'),
(10, 5,  '网安2102',     4,  '在读', '2023-09-01 08:00:00', '2023-09-01 08:00:00'),
(11, 6,  '数字媒体2101', 6,  '在读', '2023-09-01 08:00:00', '2023-09-01 08:00:00'),
(12, 7,  '数学2101',     7,  '在读', '2023-09-01 08:00:00', '2023-09-01 08:00:00'),
(13, 7,  '数学2102',     7,  '在读', '2023-09-01 08:00:00', '2023-09-01 08:00:00'),
(14, 8,  '统计2101',     8,  '在读', '2023-09-01 08:00:00', '2023-09-01 08:00:00'),
(15, 8,  '统计2102',     8,  '在读', '2023-09-01 08:00:00', '2023-09-01 08:00:00'),
(16, 9,  '英语2101',     9,  '在读', '2023-09-01 08:00:00', '2023-09-01 08:00:00'),
(17, 9,  '英语2102',     9,  '在读', '2023-09-01 08:00:00', '2023-09-01 08:00:00'),
(18, 10, '日语2101',     10, '在读', '2023-09-01 08:00:00', '2023-09-01 08:00:00'),
(19, 11, '会计2101',     11, '在读', '2023-09-01 08:00:00', '2023-09-01 08:00:00'),
(20, 11, '会计2102',     11, '在读', '2023-09-01 08:00:00', '2023-09-01 08:00:00'),
(21, 12, '工商管理2101', 12, '在读', '2023-09-01 08:00:00', '2023-09-01 08:00:00'),
(22, 12, '工商管理2102', 12, '在读', '2023-09-01 08:00:00', '2023-09-01 08:00:00'),
(23, 13, '国贸2101',     25, '在读', '2023-09-01 08:00:00', '2023-09-01 08:00:00'),
(24, 14, '市场营销2101', 25, '在读', '2023-09-01 08:00:00', '2023-09-01 08:00:00'),
(25, 15, '汉语言2101',   13, '在读', '2023-09-01 08:00:00', '2023-09-01 08:00:00'),
(26, 16, '新闻2101',     14, '在读', '2023-09-01 08:00:00', '2023-09-01 08:00:00'),
(27, 17, '通信2101',     15, '在读', '2023-09-01 08:00:00', '2023-09-01 08:00:00'),
(28, 18, '电子科学2101', 16, '在读', '2023-09-01 08:00:00', '2023-09-01 08:00:00'),
(29, 19, '法学2101',     17, '在读', '2023-09-01 08:00:00', '2023-09-01 08:00:00'),
(30, 20, '行政管理2101', 18, '在读', '2023-09-01 08:00:00', '2023-09-01 08:00:00');

-- ============================================================================
-- 五、学生表（60条，FK→class，每个班2人，密码：Password123!）
-- ============================================================================
INSERT INTO student (id, student_no, name, gender, class_id, enrollment_date, status, id_card, phone, password, account_status, create_time, update_time) VALUES
(1,  '20211001001', '张伟',   '男', 1,  '2021-09-01', '在读', '410102200209010011', '13900001001', '$2b$12$y8BVXzDC9FYnmFs4ApTXVe6oL/UYuz8MLlAKjFpp4qjGalfg8nMcm', '正常', '2023-09-01 08:00:00', '2023-09-01 08:00:00'),
(2,  '20211001002', '李丽',   '女', 1,  '2021-09-01', '在读', '410102200211150022', '13900001002', '$2b$12$y8BVXzDC9FYnmFs4ApTXVe6oL/UYuz8MLlAKjFpp4qjGalfg8nMcm', '正常', '2023-09-01 08:00:00', '2023-09-01 08:00:00'),
(3,  '20211001003', '王强',   '男', 2,  '2021-09-01', '在读', '410102200207200033', '13900001003', '$2b$12$y8BVXzDC9FYnmFs4ApTXVe6oL/UYuz8MLlAKjFpp4qjGalfg8nMcm', '正常', '2023-09-01 08:00:00', '2023-09-01 08:00:00'),
(4,  '20211001004', '赵敏',   '女', 2,  '2021-09-01', '在读', '410102200212050044', '13900001004', '$2b$12$y8BVXzDC9FYnmFs4ApTXVe6oL/UYuz8MLlAKjFpp4qjGalfg8nMcm', '正常', '2023-09-01 08:00:00', '2023-09-01 08:00:00'),
(5,  '20211002001', '刘洋',   '男', 3,  '2021-09-01', '在读', '410102200204120055', '13900001005', '$2b$12$y8BVXzDC9FYnmFs4ApTXVe6oL/UYuz8MLlAKjFpp4qjGalfg8nMcm', '正常', '2023-09-01 08:00:00', '2023-09-01 08:00:00'),
(6,  '20211002002', '陈静',   '女', 3,  '2021-09-01', '在读', '410102200210080066', '13900001006', '$2b$12$y8BVXzDC9FYnmFs4ApTXVe6oL/UYuz8MLlAKjFpp4qjGalfg8nMcm', '正常', '2023-09-01 08:00:00', '2023-09-01 08:00:00'),
(7,  '20211002003', '杨帆',   '男', 4,  '2021-09-01', '在读', '410102200206250077', '13900001007', '$2b$12$y8BVXzDC9FYnmFs4ApTXVe6oL/UYuz8MLlAKjFpp4qjGalfg8nMcm', '正常', '2023-09-01 08:00:00', '2023-09-01 08:00:00'),
(8,  '20211002004', '周婷',   '女', 4,  '2021-09-01', '在读', '410102200208300088', '13900001008', '$2b$12$y8BVXzDC9FYnmFs4ApTXVe6oL/UYuz8MLlAKjFpp4qjGalfg8nMcm', '正常', '2023-09-01 08:00:00', '2023-09-01 08:00:00'),
(9,  '20211003001', '吴昊',   '男', 5,  '2021-09-01', '在读', '410102200201180099', '13900001009', '$2b$12$y8BVXzDC9FYnmFs4ApTXVe6oL/UYuz8MLlAKjFpp4qjGalfg8nMcm', '正常', '2023-09-01 08:00:00', '2023-09-01 08:00:00'),
(10, '20211003002', '郑爽',   '女', 5,  '2021-09-01', '在读', '410102200205220100', '13900001010', '$2b$12$y8BVXzDC9FYnmFs4ApTXVe6oL/UYuz8MLlAKjFpp4qjGalfg8nMcm', '正常', '2023-09-01 08:00:00', '2023-09-01 08:00:00'),
(11, '20211003003', '冯凯',   '男', 6,  '2021-09-01', '在读', '410102200209140111', '13900001011', '$2b$12$y8BVXzDC9FYnmFs4ApTXVe6oL/UYuz8MLlAKjFpp4qjGalfg8nMcm', '正常', '2023-09-01 08:00:00', '2023-09-01 08:00:00'),
(12, '20211003004', '褚颖',   '女', 6,  '2021-09-01', '在读', '410102200211010122', '13900001012', '$2b$12$y8BVXzDC9FYnmFs4ApTXVe6oL/UYuz8MLlAKjFpp4qjGalfg8nMcm', '正常', '2023-09-01 08:00:00', '2023-09-01 08:00:00'),
(13, '20211004001', '孙浩',   '男', 7,  '2021-09-01', '在读', '410102200207060133', '13900001013', '$2b$12$y8BVXzDC9FYnmFs4ApTXVe6oL/UYuz8MLlAKjFpp4qjGalfg8nMcm', '正常', '2023-09-01 08:00:00', '2023-09-01 08:00:00'),
(14, '20211004002', '卫芳',   '女', 7,  '2021-09-01', '在读', '410102200212280144', '13900001014', '$2b$12$y8BVXzDC9FYnmFs4ApTXVe6oL/UYuz8MLlAKjFpp4qjGalfg8nMcm', '正常', '2023-09-01 08:00:00', '2023-09-01 08:00:00'),
(15, '20211004003', '蒋涛',   '男', 8,  '2021-09-01', '在读', '410102200204150155', '13900001015', '$2b$12$y8BVXzDC9FYnmFs4ApTXVe6oL/UYuz8MLlAKjFpp4qjGalfg8nMcm', '正常', '2023-09-01 08:00:00', '2023-09-01 08:00:00'),
(16, '20211004004', '沈洁',   '女', 8,  '2021-09-01', '在读', '410102200210100166', '13900001016', '$2b$12$y8BVXzDC9FYnmFs4ApTXVe6oL/UYuz8MLlAKjFpp4qjGalfg8nMcm', '正常', '2023-09-01 08:00:00', '2023-09-01 08:00:00'),
(17, '20211005001', '韩冰',   '男', 9,  '2021-09-01', '在读', '410102200208020177', '13900001017', '$2b$12$y8BVXzDC9FYnmFs4ApTXVe6oL/UYuz8MLlAKjFpp4qjGalfg8nMcm', '正常', '2023-09-01 08:00:00', '2023-09-01 08:00:00'),
(18, '20211005002', '朱红',   '女', 9,  '2021-09-01', '在读', '410102200205190188', '13900001018', '$2b$12$y8BVXzDC9FYnmFs4ApTXVe6oL/UYuz8MLlAKjFpp4qjGalfg8nMcm', '正常', '2023-09-01 08:00:00', '2023-09-01 08:00:00'),
(19, '20211005003', '秦刚',   '男', 10, '2021-09-01', '在读', '410102200211230199', '13900001019', '$2b$12$y8BVXzDC9FYnmFs4ApTXVe6oL/UYuz8MLlAKjFpp4qjGalfg8nMcm', '正常', '2023-09-01 08:00:00', '2023-09-01 08:00:00'),
(20, '20211005004', '尤莉',   '女', 10, '2021-09-01', '在读', '410102200203070200', '13900001020', '$2b$12$y8BVXzDC9FYnmFs4ApTXVe6oL/UYuz8MLlAKjFpp4qjGalfg8nMcm', '正常', '2023-09-01 08:00:00', '2023-09-01 08:00:00'),
(21, '20211006001', '许鹏',   '男', 11, '2021-09-01', '在读', '410102200209280211', '13900001021', '$2b$12$y8BVXzDC9FYnmFs4ApTXVe6oL/UYuz8MLlAKjFpp4qjGalfg8nMcm', '正常', '2023-09-01 08:00:00', '2023-09-01 08:00:00'),
(22, '20211006002', '何莲',   '女', 11, '2021-09-01', '在读', '410102200206110222', '13900001022', '$2b$12$y8BVXzDC9FYnmFs4ApTXVe6oL/UYuz8MLlAKjFpp4qjGalfg8nMcm', '正常', '2023-09-01 08:00:00', '2023-09-01 08:00:00'),
(23, '20211007001', '吕志',   '男', 12, '2021-09-01', '在读', '410102200212040233', '13900001023', '$2b$12$y8BVXzDC9FYnmFs4ApTXVe6oL/UYuz8MLlAKjFpp4qjGalfg8nMcm', '正常', '2023-09-01 08:00:00', '2023-09-01 08:00:00'),
(24, '20211007002', '施雨',   '女', 12, '2021-09-01', '在读', '410102200204180244', '13900001024', '$2b$12$y8BVXzDC9FYnmFs4ApTXVe6oL/UYuz8MLlAKjFpp4qjGalfg8nMcm', '正常', '2023-09-01 08:00:00', '2023-09-01 08:00:00'),
(25, '20211007003', '张帆',   '男', 13, '2021-09-01', '在读', '410102200210220255', '13900001025', '$2b$12$y8BVXzDC9FYnmFs4ApTXVe6oL/UYuz8MLlAKjFpp4qjGalfg8nMcm', '正常', '2023-09-01 08:00:00', '2023-09-01 08:00:00'),
(26, '20211007004', '孔燕',   '女', 13, '2021-09-01', '在读', '410102200207300266', '13900001026', '$2b$12$y8BVXzDC9FYnmFs4ApTXVe6oL/UYuz8MLlAKjFpp4qjGalfg8nMcm', '正常', '2023-09-01 08:00:00', '2023-09-01 08:00:00'),
(27, '20211008001', '曹阳',   '男', 14, '2021-09-01', '在读', '410102200201050277', '13900001027', '$2b$12$y8BVXzDC9FYnmFs4ApTXVe6oL/UYuz8MLlAKjFpp4qjGalfg8nMcm', '正常', '2023-09-01 08:00:00', '2023-09-01 08:00:00'),
(28, '20211008002', '严华',   '女', 14, '2021-09-01', '在读', '410102200205080288', '13900001028', '$2b$12$y8BVXzDC9FYnmFs4ApTXVe6oL/UYuz8MLlAKjFpp4qjGalfg8nMcm', '正常', '2023-09-01 08:00:00', '2023-09-01 08:00:00'),
(29, '20211008003', '华强',   '男', 15, '2021-09-01', '在读', '410102200209160299', '13900001029', '$2b$12$y8BVXzDC9FYnmFs4ApTXVe6oL/UYuz8MLlAKjFpp4qjGalfg8nMcm', '正常', '2023-09-01 08:00:00', '2023-09-01 08:00:00'),
(30, '20211008004', '金花',   '女', 15, '2021-09-01', '在读', '410102200203110300', '13900001030', '$2b$12$y8BVXzDC9FYnmFs4ApTXVe6oL/UYuz8MLlAKjFpp4qjGalfg8nMcm', '正常', '2023-09-01 08:00:00', '2023-09-01 08:00:00'),
(31, '20211009001', '魏明',   '男', 16, '2021-09-01', '在读', '410102200206020311', '13900001031', '$2b$12$y8BVXzDC9FYnmFs4ApTXVe6oL/UYuz8MLlAKjFpp4qjGalfg8nMcm', '正常', '2023-09-01 08:00:00', '2023-09-01 08:00:00'),
(32, '20211009002', '陶红',   '女', 16, '2021-09-01', '在读', '410102200210140322', '13900001032', '$2b$12$y8BVXzDC9FYnmFs4ApTXVe6oL/UYuz8MLlAKjFpp4qjGalfg8nMcm', '正常', '2023-09-01 08:00:00', '2023-09-01 08:00:00'),
(33, '20211009003', '姜涛',   '男', 17, '2021-09-01', '在读', '410102200208270333', '13900001033', '$2b$12$y8BVXzDC9FYnmFs4ApTXVe6oL/UYuz8MLlAKjFpp4qjGalfg8nMcm', '正常', '2023-09-01 08:00:00', '2023-09-01 08:00:00'),
(34, '20211009004', '戚薇',   '女', 17, '2021-09-01', '在读', '410102200204190344', '13900001034', '$2b$12$y8BVXzDC9FYnmFs4ApTXVe6oL/UYuz8MLlAKjFpp4qjGalfg8nMcm', '正常', '2023-09-01 08:00:00', '2023-09-01 08:00:00'),
(35, '20211010001', '谢飞',   '男', 18, '2021-09-01', '在读', '410102200212100355', '13900001035', '$2b$12$y8BVXzDC9FYnmFs4ApTXVe6oL/UYuz8MLlAKjFpp4qjGalfg8nMcm', '正常', '2023-09-01 08:00:00', '2023-09-01 08:00:00'),
(36, '20211010002', '邹玲',   '女', 18, '2021-09-01', '在读', '410102200207220366', '13900001036', '$2b$12$y8BVXzDC9FYnmFs4ApTXVe6oL/UYuz8MLlAKjFpp4qjGalfg8nMcm', '正常', '2023-09-01 08:00:00', '2023-09-01 08:00:00'),
(37, '20211011001', '苏杭',   '男', 19, '2021-09-01', '在读', '410102200201150377', '13900001037', '$2b$12$y8BVXzDC9FYnmFs4ApTXVe6oL/UYuz8MLlAKjFpp4qjGalfg8nMcm', '正常', '2023-09-01 08:00:00', '2023-09-01 08:00:00'),
(38, '20211011002', '潘婷',   '女', 19, '2021-09-01', '在读', '410102200205300388', '13900001038', '$2b$12$y8BVXzDC9FYnmFs4ApTXVe6oL/UYuz8MLlAKjFpp4qjGalfg8nMcm', '正常', '2023-09-01 08:00:00', '2023-09-01 08:00:00'),
(39, '20211011003', '葛亮',   '男', 20, '2021-09-01', '在读', '410102200209080399', '13900001039', '$2b$12$y8BVXzDC9FYnmFs4ApTXVe6oL/UYuz8MLlAKjFpp4qjGalfg8nMcm', '正常', '2023-09-01 08:00:00', '2023-09-01 08:00:00'),
(40, '20211011004', '范冰',   '女', 20, '2021-09-01', '在读', '410102200211010400', '13900001040', '$2b$12$y8BVXzDC9FYnmFs4ApTXVe6oL/UYuz8MLlAKjFpp4qjGalfg8nMcm', '正常', '2023-09-01 08:00:00', '2023-09-01 08:00:00'),
(41, '20211012001', '彭飞',   '男', 21, '2021-09-01', '在读', '410102200203230411', '13900001041', '$2b$12$y8BVXzDC9FYnmFs4ApTXVe6oL/UYuz8MLlAKjFpp4qjGalfg8nMcm', '正常', '2023-09-01 08:00:00', '2023-09-01 08:00:00'),
(42, '20211012002', '鲁燕',   '女', 21, '2021-09-01', '在读', '410102200206170422', '13900001042', '$2b$12$y8BVXzDC9FYnmFs4ApTXVe6oL/UYuz8MLlAKjFpp4qjGalfg8nMcm', '正常', '2023-09-01 08:00:00', '2023-09-01 08:00:00'),
(43, '20211012003', '韦刚',   '男', 22, '2021-09-01', '在读', '410102200210050433', '13900001043', '$2b$12$y8BVXzDC9FYnmFs4ApTXVe6oL/UYuz8MLlAKjFpp4qjGalfg8nMcm', '正常', '2023-09-01 08:00:00', '2023-09-01 08:00:00'),
(44, '20211012004', '昌敏',   '女', 22, '2021-09-01', '在读', '410102200204280444', '13900001044', '$2b$12$y8BVXzDC9FYnmFs4ApTXVe6oL/UYuz8MLlAKjFpp4qjGalfg8nMcm', '正常', '2023-09-01 08:00:00', '2023-09-01 08:00:00'),
(45, '20211013001', '马超',   '男', 23, '2021-09-01', '在读', '410102200208120455', '13900001045', '$2b$12$y8BVXzDC9FYnmFs4ApTXVe6oL/UYuz8MLlAKjFpp4qjGalfg8nMcm', '正常', '2023-09-01 08:00:00', '2023-09-01 08:00:00'),
(46, '20211013002', '苗苗',   '女', 23, '2021-09-01', '在读', '410102200212080466', '13900001046', '$2b$12$y8BVXzDC9FYnmFs4ApTXVe6oL/UYuz8MLlAKjFpp4qjGalfg8nMcm', '正常', '2023-09-01 08:00:00', '2023-09-01 08:00:00'),
(47, '20211014001', '花荣',   '男', 24, '2021-09-01', '在读', '410102200205220477', '13900001047', '$2b$12$y8BVXzDC9FYnmFs4ApTXVe6oL/UYuz8MLlAKjFpp4qjGalfg8nMcm', '正常', '2023-09-01 08:00:00', '2023-09-01 08:00:00'),
(48, '20211014002', '方芳',   '女', 24, '2021-09-01', '在读', '410102200209060488', '13900001048', '$2b$12$y8BVXzDC9FYnmFs4ApTXVe6oL/UYuz8MLlAKjFpp4qjGalfg8nMcm', '正常', '2023-09-01 08:00:00', '2023-09-01 08:00:00'),
(49, '20211015001', '俞洋',   '男', 25, '2021-09-01', '在读', '410102200201200499', '13900001049', '$2b$12$y8BVXzDC9FYnmFs4ApTXVe6oL/UYuz8MLlAKjFpp4qjGalfg8nMcm', '正常', '2023-09-01 08:00:00', '2023-09-01 08:00:00'),
(50, '20211015002', '任颖',   '女', 25, '2021-09-01', '在读', '410102200207140500', '13900001050', '$2b$12$y8BVXzDC9FYnmFs4ApTXVe6oL/UYuz8MLlAKjFpp4qjGalfg8nMcm', '正常', '2023-09-01 08:00:00', '2023-09-01 08:00:00'),
(51, '20211016001', '袁帅',   '男', 26, '2021-09-01', '在读', '410102200211280511', '13900001051', '$2b$12$y8BVXzDC9FYnmFs4ApTXVe6oL/UYuz8MLlAKjFpp4qjGalfg8nMcm', '正常', '2023-09-01 08:00:00', '2023-09-01 08:00:00'),
(52, '20211016002', '柳青',   '女', 26, '2021-09-01', '在读', '410102200203150522', '13900001052', '$2b$12$y8BVXzDC9FYnmFs4ApTXVe6oL/UYuz8MLlAKjFpp4qjGalfg8nMcm', '正常', '2023-09-01 08:00:00', '2023-09-01 08:00:00'),
(53, '20211017001', '鲍强',   '男', 27, '2021-09-01', '在读', '410102200209180533', '13900001053', '$2b$12$y8BVXzDC9FYnmFs4ApTXVe6oL/UYuz8MLlAKjFpp4qjGalfg8nMcm', '正常', '2023-09-01 08:00:00', '2023-09-01 08:00:00'),
(54, '20211017002', '史洁',   '女', 27, '2021-09-01', '在读', '410102200205100544', '13900001054', '$2b$12$y8BVXzDC9FYnmFs4ApTXVe6oL/UYuz8MLlAKjFpp4qjGalfg8nMcm', '正常', '2023-09-01 08:00:00', '2023-09-01 08:00:00'),
(55, '20211018001', '唐龙',   '男', 28, '2021-09-01', '在读', '410102200212250555', '13900001055', '$2b$12$y8BVXzDC9FYnmFs4ApTXVe6oL/UYuz8MLlAKjFpp4qjGalfg8nMcm', '正常', '2023-09-01 08:00:00', '2023-09-01 08:00:00'),
(56, '20211018002', '费霞',   '女', 28, '2021-09-01', '在读', '410102200206080566', '13900001056', '$2b$12$y8BVXzDC9FYnmFs4ApTXVe6oL/UYuz8MLlAKjFpp4qjGalfg8nMcm', '正常', '2023-09-01 08:00:00', '2023-09-01 08:00:00'),
(57, '20211019001', '廉杰',   '男', 29, '2021-09-01', '在读', '410102200210200577', '13900001057', '$2b$12$y8BVXzDC9FYnmFs4ApTXVe6oL/UYuz8MLlAKjFpp4qjGalfg8nMcm', '正常', '2023-09-01 08:00:00', '2023-09-01 08:00:00'),
(58, '20211019002', '薛楠',   '女', 29, '2021-09-01', '在读', '410102200204030588', '13900001058', '$2b$12$y8BVXzDC9FYnmFs4ApTXVe6oL/UYuz8MLlAKjFpp4qjGalfg8nMcm', '正常', '2023-09-01 08:00:00', '2023-09-01 08:00:00'),
(59, '20211020001', '雷斌',   '男', 30, '2021-09-01', '在读', '410102200208160599', '13900001059', '$2b$12$y8BVXzDC9FYnmFs4ApTXVe6oL/UYuz8MLlAKjFpp4qjGalfg8nMcm', '正常', '2023-09-01 08:00:00', '2023-09-01 08:00:00'),
(60, '20211020002', '贺兰',   '女', 30, '2021-09-01', '在读', '410102200211110600', '13900001060', '$2b$12$y8BVXzDC9FYnmFs4ApTXVe6oL/UYuz8MLlAKjFpp4qjGalfg8nMcm', '正常', '2023-09-01 08:00:00', '2023-09-01 08:00:00');

-- ============================================================================
-- 六、管理员表（3条，FK→college可空，密码：Password123!）
-- ============================================================================
INSERT INTO admin (id, admin_no, name, gender, role, college_id, phone, email, account_status, password, create_time, update_time) VALUES
(1, 'ADMIN001', '系统管理员', '男', '超级管理员', NULL, '13800000001', 'admin@campus.edu.cn', '启用', '$2b$12$y8BVXzDC9FYnmFs4ApTXVe6oL/UYuz8MLlAKjFpp4qjGalfg8nMcm', '2023-09-01 08:00:00', '2023-09-01 08:00:00'),
(2, 'ADMIN002', '李学工',     '男', '学院管理员', 1,    '13800000002', 'lixg@campus.edu.cn',   '启用', '$2b$12$y8BVXzDC9FYnmFs4ApTXVe6oL/UYuz8MLlAKjFpp4qjGalfg8nMcm', '2023-09-01 08:00:00', '2023-09-01 08:00:00'),
(3, 'ADMIN003', '王教务处',   '女', '学院管理员', 2,    '13800000003', 'wangjwc@campus.edu.cn', '启用', '$2b$12$y8BVXzDC9FYnmFs4ApTXVe6oL/UYuz8MLlAKjFpp4qjGalfg8nMcm', '2023-09-01 08:00:00', '2023-09-01 08:00:00');

-- ============================================================================
-- 七、学期表（3条，无外键依赖）
-- ============================================================================
INSERT INTO semester (id, name, start_date, end_date, is_current, status, create_time, update_time) VALUES
(1, '2023-2024学年第一学期', '2023-09-01', '2024-01-15', 0, '已结束', '2023-09-01 08:00:00', '2024-01-15 18:00:00'),
(2, '2023-2024学年第二学期', '2024-02-26', '2024-07-05', 1, '进行中', '2024-02-26 08:00:00', '2024-02-26 08:00:00'),
(3, '2024-2025学年第一学期', '2024-09-01', '2025-01-15', 0, '未开始', '2024-07-01 08:00:00', '2024-07-01 08:00:00');

-- ============================================================================
-- 八、教室表（10条，无外键依赖）
-- ============================================================================
INSERT INTO classroom (id, building, room_number, capacity, type, status, create_time, update_time) VALUES
(1,  '教学楼A', 'A-101', 120, '普通',       '可用', '2023-09-01 08:00:00', '2023-09-01 08:00:00'),
(2,  '教学楼A', 'A-201', 100, '普通',       '可用', '2023-09-01 08:00:00', '2023-09-01 08:00:00'),
(3,  '教学楼A', 'A-301', 80,  '普通',       '可用', '2023-09-01 08:00:00', '2023-09-01 08:00:00'),
(4,  '教学楼B', 'B-101', 60,  '普通',       '可用', '2023-09-01 08:00:00', '2023-09-01 08:00:00'),
(5,  '教学楼B', 'B-201', 200, '阶梯教室',   '可用', '2023-09-01 08:00:00', '2023-09-01 08:00:00'),
(6,  '实验楼C', 'C-101', 50,  '机房',       '可用', '2023-09-01 08:00:00', '2023-09-01 08:00:00'),
(7,  '实验楼C', 'C-201', 50,  '机房',       '可用', '2023-09-01 08:00:00', '2023-09-01 08:00:00'),
(8,  '教学楼D', 'D-101', 150, '多媒体教室', '可用', '2023-09-01 08:00:00', '2023-09-01 08:00:00'),
(9,  '教学楼D', 'D-102', 80,  '语音室',     '可用', '2023-09-01 08:00:00', '2023-09-01 08:00:00'),
(10, '教学楼E', 'E-101', 100, '普通',       '可用', '2023-09-01 08:00:00', '2023-09-01 08:00:00');

-- ============================================================================
-- 九、课程表（35条，无外键依赖）
-- 课程分类：
--   必修课（25门）：每个专业核心课程，符合大学教学实际
--   选修课（10门）：全校通识选修，涵盖人文、艺术、技术、体育等
-- 字段说明：week_day/class_start/class_end/week_start/week_end 为课程默认排课信息
--           schedule_type 区分理论课/实验课/实践课
-- ============================================================================
INSERT INTO course (id, course_code, course_name, credit, hours, type, status, capacity, week_day, class_start, class_end, week_start, week_end, schedule_type, create_time, update_time) VALUES
-- ===== 计算机科学与技术学院 必修课 =====
(1,  'CS101', '高等数学A(一)',     5.0, 80, '必修', '开课', 200, 1, 5, 6, 1, 16, '理论课', '2024-02-26 08:00:00', '2024-02-26 08:00:00'),
(2,  'CS102', '线性代数',          3.5, 56, '必修', '开课', 200, 2, 1, 2, 1, 16, '理论课', '2024-02-26 08:00:00', '2024-02-26 08:00:00'),
(3,  'CS103', '概率论与数理统计',  3.0, 48, '必修', '开课', 120, 4, 1, 2, 1, 16, '理论课', '2024-02-26 08:00:00', '2024-02-26 08:00:00'),
(4,  'CS104', '程序设计基础(C语言)', 3.5, 56, '必修', '开课', 60, 1, 1, 2, 1, 16, '理论课', '2024-02-26 08:00:00', '2024-02-26 08:00:00'),
(5,  'CS105', '数据结构',          3.5, 56, '必修', '开课', 60, 3, 1, 2, 1, 16, '理论课', '2024-02-26 08:00:00', '2024-02-26 08:00:00'),
(6,  'CS106', '计算机网络',        3.5, 56, '必修', '开课', 60, 5, 1, 2, 1, 16, '理论课', '2024-02-26 08:00:00', '2024-02-26 08:00:00'),
(7,  'CS107', '计算机操作系统',    3.5, 56, '必修', '开课', 80, 1, 1, 2, 1, 16, '理论课', '2024-02-26 08:00:00', '2024-02-26 08:00:00'),
(8,  'CS108', '数据库原理',        3.5, 56, '必修', '开课', 80, 4, 1, 2, 1, 16, '理论课', '2024-02-26 08:00:00', '2024-02-26 08:00:00'),
(9,  'CS109', '计算机组成原理',    3.5, 56, '必修', '开课', 60, 2, 3, 4, 1, 16, '理论课', '2024-02-26 08:00:00', '2024-02-26 08:00:00'),
(10, 'CS110', '人工智能导论',      3.0, 48, '必修', '开课', 80, 1, 3, 4, 1, 16, '理论课', '2024-02-26 08:00:00', '2024-02-26 08:00:00'),
(11, 'CS111', '机器学习',          3.0, 48, '必修', '开课', 60, 3, 3, 4, 1, 16, '理论课', '2024-02-26 08:00:00', '2024-02-26 08:00:00'),
(12, 'CS112', '编译原理',          3.0, 48, '必修', '开课', 60, 5, 3, 4, 1, 16, '理论课', '2024-02-26 08:00:00', '2024-02-26 08:00:00'),
-- ===== 软件学院 必修课 =====
(13, 'SE101', '软件工程导论',            3.0, 48, '必修', '开课', 80,  2, 1, 2, 1, 16, '理论课', '2024-02-26 08:00:00', '2024-02-26 08:00:00'),
(14, 'SE102', '面向对象程序设计(Java)',  3.5, 56, '必修', '开课', 60,  4, 1, 2, 1, 16, '理论课', '2024-02-26 08:00:00', '2024-02-26 08:00:00'),
(15, 'SE103', '软件测试',                3.0, 48, '必修', '开课', 60,  2, 3, 4, 1, 16, '理论课', '2024-02-26 08:00:00', '2024-02-26 08:00:00'),
(16, 'SE104', '网络安全基础',            3.0, 48, '必修', '开课', 60,  1, 3, 4, 1, 16, '理论课', '2024-02-26 08:00:00', '2024-02-26 08:00:00'),
(17, 'SE105', '密码学原理',              3.0, 48, '必修', '开课', 60,  3, 3, 4, 1, 16, '理论课', '2024-02-26 08:00:00', '2024-02-26 08:00:00'),
(18, 'SE106', '数字媒体技术基础',        3.0, 48, '必修', '开课', 60,  5, 1, 2, 1, 16, '理论课', '2024-02-26 08:00:00', '2024-02-26 08:00:00'),
-- ===== 数学与统计学院 必修课 =====
(19, 'MATH201', '数学分析',              4.0, 64, '必修', '开课', 80,  1, 1, 2, 1, 16, '理论课', '2024-02-26 08:00:00', '2024-02-26 08:00:00'),
(20, 'MATH202', '统计学原理',            3.0, 48, '必修', '开课', 80,  3, 1, 2, 1, 16, '理论课', '2024-02-26 08:00:00', '2024-02-26 08:00:00'),
-- ===== 外国语学院 必修课 =====
(21, 'ENG101', '英语写作',               3.0, 48, '必修', '开课', 60,  1, 3, 4, 1, 16, '理论课', '2024-02-26 08:00:00', '2024-02-26 08:00:00'),
(22, 'ENG102', '日语精读',               3.0, 48, '必修', '开课', 40,  2, 3, 4, 1, 16, '理论课', '2024-02-26 08:00:00', '2024-02-26 08:00:00'),
-- ===== 经济管理学院 必修课 =====
(23, 'ECON101', '微观经济学',            3.0, 48, '必修', '开课', 80,  1, 5, 6, 1, 16, '理论课', '2024-02-26 08:00:00', '2024-02-26 08:00:00'),
(24, 'ECON102', '管理学原理',            3.0, 48, '必修', '开课', 100, 2, 1, 2, 1, 16, '理论课', '2024-02-26 08:00:00', '2024-02-26 08:00:00'),
(25, 'ECON103', '会计学原理',            3.0, 48, '必修', '开课', 60,  4, 3, 4, 1, 16, '理论课', '2024-02-26 08:00:00', '2024-02-26 08:00:00'),
-- ===== 文学与新闻传播学院 必修课 =====
(26, 'CHN101', '现代汉语',               3.0, 48, '必修', '开课', 60,  1, 5, 6, 1, 16, '理论课', '2024-02-26 08:00:00', '2024-02-26 08:00:00'),
(27, 'CHN102', '新闻学概论',             3.0, 48, '必修', '开课', 60,  3, 5, 6, 1, 16, '理论课', '2024-02-26 08:00:00', '2024-02-26 08:00:00'),
-- ===== 电子信息工程学院 必修课 =====
(28, 'EE101',  '数字电路',               3.5, 56, '必修', '开课', 60,  2, 1, 2, 1, 16, '理论课', '2024-02-26 08:00:00', '2024-02-26 08:00:00'),
(29, 'EE102',  '信号与系统',             3.5, 56, '必修', '开课', 60,  4, 1, 2, 1, 16, '理论课', '2024-02-26 08:00:00', '2024-02-26 08:00:00'),
-- ===== 法学院 必修课 =====
(30, 'LAW101', '法理学',                 3.0, 48, '必修', '开课', 60,  1, 3, 4, 1, 16, '理论课', '2024-02-26 08:00:00', '2024-02-26 08:00:00'),
(31, 'LAW102', '宪法学',                 3.0, 48, '必修', '开课', 60,  3, 3, 4, 1, 16, '理论课', '2024-02-26 08:00:00', '2024-02-26 08:00:00'),
-- ===== 全校通识选修课 =====
(32, 'ELEC001', 'Python编程实战',        2.0, 32, '选修', '开课', 50,  1, 9, 10, 1, 16, '实践课', '2024-02-26 08:00:00', '2024-02-26 08:00:00'),
(33, 'ELEC002', '日语入门',              2.0, 32, '选修', '开课', 60,  1, 7, 8, 1, 16, '理论课', '2024-02-26 08:00:00', '2024-02-26 08:00:00'),
(34, 'ELEC003', '摄影技术与艺术',        2.0, 32, '选修', '开课', 60,  2, 7, 8, 1, 16, '实践课', '2024-02-26 08:00:00', '2024-02-26 08:00:00'),
(35, 'ELEC004', '心理学导论',            2.0, 32, '选修', '开课', 80,  3, 7, 8, 1, 16, '理论课', '2024-02-26 08:00:00', '2024-02-26 08:00:00'),
(36, 'ELEC005', '体育舞蹈',              1.0, 16, '选修', '开课', 40,  4, 7, 8, 1, 16, '实践课', '2024-02-26 08:00:00', '2024-02-26 08:00:00'),
(37, 'ELEC006', '创业管理',              2.0, 32, '选修', '开课', 80,  5, 7, 8, 1, 16, '理论课', '2024-02-26 08:00:00', '2024-02-26 08:00:00'),
(38, 'ELEC007', '国学经典导读',          2.0, 32, '选修', '开课', 80,  2, 9, 10, 1, 16, '理论课', '2024-02-26 08:00:00', '2024-02-26 08:00:00'),
(39, 'ELEC008', '音乐鉴赏',              2.0, 32, '选修', '开课', 80,  3, 9, 10, 1, 16, '理论课', '2024-02-26 08:00:00', '2024-02-26 08:00:00'),
(40, 'ELEC009', '职业规划与就业指导',    1.5, 24, '选修', '开课', 100, 4, 9, 10, 1, 16, '理论课', '2024-02-26 08:00:00', '2024-02-26 08:00:00');

-- ============================================================================
-- 十、排课表（66条，FK→semester, course, teacher, classroom）
-- 排课冲突检查矩阵：
--   同一教师 同一时段 不可重复
--   同一教室 同一时段 不可重复
--   同一班级 同一时段 不可重复
-- 设计原则：每个(course_id, teacher_id, classroom_id, week_day, start_section) 唯一
-- ============================================================================
INSERT INTO course_schedule (id, semester_id, course_id, teacher_id, classroom_id, week_day, start_section, end_section, week_range) VALUES
-- ===== 周一 1-2节 =====
(1,  2, 4,  1,  6,  1, 1, 2, '1-16周'),
(2,  2, 7,  19, 1,  1, 1, 2, '1-16周'),
(3,  2, 19, 7,  5,  1, 1, 2, '1-16周'),
(4,  2, 28, 15, 4,  1, 1, 2, '1-16周'),
-- ===== 周一 3-4节 =====
(5,  2, 10, 20, 1,  1, 3, 4, '1-16周'),
(6,  2, 16, 4,  2,  1, 3, 4, '1-16周'),
(7,  2, 21, 9,  9,  1, 3, 4, '1-16周'),
(8,  2, 30, 17, 3,  1, 3, 4, '1-16周'),
-- ===== 周一 5-6节 =====
(9,  2, 1,  7,  5,  1, 5, 6, '1-16周'),
(10, 2, 23, 12, 10, 1, 5, 6, '1-16周'),
(11, 2, 26, 13, 8,  1, 5, 6, '1-16周'),
-- ===== 周一 7-8节 =====
(12, 2, 33, 23, 9,  1, 7, 8, '1-16周'),
(13, 2, 35, 14, 8,  1, 7, 8, '1-16周'),
-- ===== 周一 9-10节 =====
(14, 2, 32, 6,  6,  1, 9, 10, '1-16周'),
-- ===== 周二 1-2节 =====
(15, 2, 2,  8,  5,  2, 1, 2, '1-16周'),
(16, 2, 13, 5,  2,  2, 1, 2, '1-16周'),
(17, 2, 24, 11, 10, 2, 1, 2, '1-16周'),
(18, 2, 29, 16, 4,  2, 1, 2, '1-16周'),
-- ===== 周二 3-4节 =====
(19, 2, 9,  3,  6,  2, 3, 4, '1-16周'),
(20, 2, 15, 5,  2,  2, 3, 4, '1-16周'),
(21, 2, 22, 10, 9,  2, 3, 4, '1-16周'),
(22, 2, 31, 18, 3,  2, 3, 4, '1-16周'),
-- ===== 周二 5-6节 =====
(23, 2, 8,  3,  6,  2, 5, 6, '1-16周'),
(24, 2, 25, 12, 10, 2, 5, 6, '1-16周'),
(25, 2, 27, 14, 8,  2, 5, 6, '1-16周'),
-- ===== 周二 7-8节 =====
(26, 2, 34, 22, 8,  2, 7, 8, '1-16周'),
(27, 2, 36, 24, 10, 2, 7, 8, '1-16周'),
-- ===== 周二 9-10节 =====
(28, 2, 38, 13, 8,  2, 9, 10, '1-16周'),
-- ===== 周三 1-2节 =====
(29, 2, 5,  2,  6,  3, 1, 2, '1-16周'),
(30, 2, 20, 8,  5,  3, 1, 2, '1-16周'),
(31, 2, 14, 21, 7,  3, 1, 2, '1-16周'),
(32, 2, 18, 6,  2,  3, 1, 2, '1-16周'),
-- ===== 周三 3-4节 =====
(33, 2, 11, 20, 1,  3, 3, 4, '1-16周'),
(34, 2, 17, 4,  2,  3, 3, 4, '1-16周'),
(35, 2, 31, 18, 3,  3, 3, 4, '1-16周'),
-- ===== 周三 5-6节 =====
(36, 2, 1,  7,  5,  3, 5, 6, '1-16周'),
(37, 2, 27, 14, 8,  3, 5, 6, '1-16周'),
-- ===== 周三 7-8节 =====
(38, 2, 33, 23, 9,  3, 7, 8, '1-16周'),
(39, 2, 35, 14, 8,  3, 7, 8, '1-16周'),
-- ===== 周三 9-10节 =====
(40, 2, 39, 22, 8,  3, 9, 10, '1-16周'),
-- ===== 周四 1-2节 =====
(41, 2, 3,  8,  5,  4, 1, 2, '1-16周'),
(42, 2, 8,  3,  6,  4, 1, 2, '1-16周'),
(43, 2, 14, 21, 7,  4, 1, 2, '1-16周'),
(44, 2, 29, 16, 4,  4, 1, 2, '1-16周'),
-- ===== 周四 3-4节 =====
(45, 2, 6,  3,  6,  4, 3, 4, '1-16周'),
(46, 2, 22, 10, 9,  4, 3, 4, '1-16周'),
(47, 2, 25, 12, 10, 4, 3, 4, '1-16周'),
(48, 2, 30, 17, 3,  4, 3, 4, '1-16周'),
-- ===== 周四 5-6节 =====
(49, 2, 24, 11, 10, 4, 5, 6, '1-16周'),
(50, 2, 26, 13, 8,  4, 5, 6, '1-16周'),
-- ===== 周四 7-8节 =====
(51, 2, 36, 24, 10, 4, 7, 8, '1-16周'),
(52, 2, 37, 25, 8,  4, 7, 8, '1-16周'),
-- ===== 周四 9-10节 =====
(53, 2, 40, 25, 8,  4, 9, 10, '1-16周'),
-- ===== 周五 1-2节 =====
(54, 2, 6,  3,  6,  5, 1, 2, '1-16周'),
(55, 2, 7,  19, 1,  5, 1, 2, '1-16周'),
(56, 2, 18, 6,  2,  5, 1, 2, '1-16周'),
(57, 2, 28, 15, 4,  5, 1, 2, '1-16周'),
-- ===== 周五 3-4节 =====
(58, 2, 12, 2,  6,  5, 3, 4, '1-16周'),
(59, 2, 16, 4,  2,  5, 3, 4, '1-16周'),
(60, 2, 21, 9,  9,  5, 3, 4, '1-16周'),
(61, 2, 23, 12, 10, 5, 3, 4, '1-16周'),
-- ===== 周五 5-6节 =====
(62, 2, 9,  3,  6,  5, 5, 6, '1-16周'),
(63, 2, 13, 5,  2,  5, 5, 6, '1-16周'),
-- ===== 周五 7-8节 =====
(64, 2, 34, 22, 8,  5, 7, 8, '1-16周'),
(65, 2, 37, 25, 10, 5, 7, 8, '1-16周'),
-- ===== 周五 9-10节 =====
(66, 2, 38, 13, 8,  5, 9, 10, '1-16周');

-- ============================================================================
-- 十点五、排课-班级关联表（66条排课 × 各班关联）
-- ============================================================================
INSERT INTO course_schedule_class (schedule_id, class_id) VALUES
-- schedule 1: 课程4(高等数学A-1), 班级[1,2]
(1, 1), (1, 2),
-- schedule 2: 课程7(线性代数), 班级[3,4]
(2, 3), (2, 4),
-- schedule 3: 课程19(计算机网络), 班级[12,13]
(3, 12), (3, 13),
-- schedule 4: 课程28(财务分析), 班级[27,28]
(4, 27), (4, 28),
-- schedule 5: 课程10(面向对象程序设计), 班级[3,4]
(5, 3), (5, 4),
-- schedule 6: 课程16(计算机组成原理), 班级[9,10]
(6, 9), (6, 10),
-- schedule 7: 课程21(数据库概论), 班级[16,17]
(7, 16), (7, 17),
-- schedule 8: 课程30(商务写作), 班级[29,30]
(8, 29), (8, 30),
-- schedule 9: 课程1(大学英语1), 班级[1,2,3,4]
(9, 1), (9, 2), (9, 3), (9, 4),
-- schedule 10: 课程23(软件工程), 班级[19,20]
(10, 19), (10, 20),
-- schedule 11: 课程26(数字信号处理), 班级[25]
(11, 25),
-- schedule 12-14: 公共选修课(心理健康教育/书法鉴赏/大学生职业规划), 全校30个班
(12, 1), (12, 2), (12, 3), (12, 4), (12, 5), (12, 6), (12, 7), (12, 8), (12, 9), (12, 10),
(12, 11), (12, 12), (12, 13), (12, 14), (12, 15), (12, 16), (12, 17), (12, 18), (12, 19), (12, 20),
(12, 21), (12, 22), (12, 23), (12, 24), (12, 25), (12, 26), (12, 27), (12, 28), (12, 29), (12, 30),
(13, 1), (13, 2), (13, 3), (13, 4), (13, 5), (13, 6), (13, 7), (13, 8), (13, 9), (13, 10),
(13, 11), (13, 12), (13, 13), (13, 14), (13, 15), (13, 16), (13, 17), (13, 18), (13, 19), (13, 20),
(13, 21), (13, 22), (13, 23), (13, 24), (13, 25), (13, 26), (13, 27), (13, 28), (13, 29), (13, 30),
(14, 1), (14, 2), (14, 3), (14, 4), (14, 5), (14, 6), (14, 7), (14, 8), (14, 9), (14, 10),
(14, 11), (14, 12), (14, 13), (14, 14), (14, 15), (14, 16), (14, 17), (14, 18), (14, 19), (14, 20),
(14, 21), (14, 22), (14, 23), (14, 24), (14, 25), (14, 26), (14, 27), (14, 28), (14, 29), (14, 30),
-- schedule 15: 课程2(大学英语2), 班级[1,2,3,4]
(15, 1), (15, 2), (15, 3), (15, 4),
-- schedule 16: 课程13(数据结构), 班级[7,8]
(16, 7), (16, 8),
-- schedule 17: 课程24(通信原理), 班级[21,22,23,24]
(17, 21), (17, 22), (17, 23), (17, 24),
-- schedule 18: 课程29(市场营销), 班级[27,28]
(18, 27), (18, 28),
-- schedule 19: 课程9(C语言程序设计), 班级[1,2]
(19, 1), (19, 2),
-- schedule 20: 课程15(操作系统), 班级[7,8]
(20, 7), (20, 8),
-- schedule 21: 课程22(编译原理), 班级[18]
(21, 18),
-- schedule 22: 课程31(跨文化管理), 班级[29,30]
(22, 29), (22, 30),
-- schedule 23: 课程8(概率论与数理统计), 班级[5,6]
(23, 5), (23, 6),
-- schedule 24: 课程25(嵌入式系统开发), 班级[19,20]
(24, 19), (24, 20),
-- schedule 25: 课程27(医学影像学), 班级[26]
(25, 26),
-- schedule 26-28: 公共选修课(艺术鉴赏/影视鉴赏/计算机图形学), 全校30个班
(26, 1), (26, 2), (26, 3), (26, 4), (26, 5), (26, 6), (26, 7), (26, 8), (26, 9), (26, 10),
(26, 11), (26, 12), (26, 13), (26, 14), (26, 15), (26, 16), (26, 17), (26, 18), (26, 19), (26, 20),
(26, 21), (26, 22), (26, 23), (26, 24), (26, 25), (26, 26), (26, 27), (26, 28), (26, 29), (26, 30),
(27, 1), (27, 2), (27, 3), (27, 4), (27, 5), (27, 6), (27, 7), (27, 8), (27, 9), (27, 10),
(27, 11), (27, 12), (27, 13), (27, 14), (27, 15), (27, 16), (27, 17), (27, 18), (27, 19), (27, 20),
(27, 21), (27, 22), (27, 23), (27, 24), (27, 25), (27, 26), (27, 27), (27, 28), (27, 29), (27, 30),
(28, 1), (28, 2), (28, 3), (28, 4), (28, 5), (28, 6), (28, 7), (28, 8), (28, 9), (28, 10),
(28, 11), (28, 12), (28, 13), (28, 14), (28, 15), (28, 16), (28, 17), (28, 18), (28, 19), (28, 20),
(28, 21), (28, 22), (28, 23), (28, 24), (28, 25), (28, 26), (28, 27), (28, 28), (28, 29), (28, 30),
-- schedule 29: 课程5(高等数学A-2), 班级[1,2]
(29, 1), (29, 2),
-- schedule 30: 课程20(操作系统实践), 班级[14,15]
(30, 14), (30, 15),
-- schedule 31: 课程14(算法设计与分析), 班级[7,8]
(31, 7), (31, 8),
-- schedule 32: 课程18(计算机网络安全), 班级[11]
(32, 11),
-- schedule 33: 课程11(数字逻辑电路), 班级[5,6]
(33, 5), (33, 6),
-- schedule 34: 课程17(单片机原理), 班级[9,10]
(34, 9), (34, 10),
-- schedule 35: 课程31(跨文化管理), 班级[29,30]
(35, 29), (35, 30),
-- schedule 36: 课程1(大学英语1), 班级[1,2,3,4]
(36, 1), (36, 2), (36, 3), (36, 4),
-- schedule 37: 课程27(医学影像学), 班级[26]
(37, 26),
-- schedule 38-40: 公共选修课(心理健康教育/书法鉴赏/环境生态学), 全校30个班
(38, 1), (38, 2), (38, 3), (38, 4), (38, 5), (38, 6), (38, 7), (38, 8), (38, 9), (38, 10),
(38, 11), (38, 12), (38, 13), (38, 14), (38, 15), (38, 16), (38, 17), (38, 18), (38, 19), (38, 20),
(38, 21), (38, 22), (38, 23), (38, 24), (38, 25), (38, 26), (38, 27), (38, 28), (38, 29), (38, 30),
(39, 1), (39, 2), (39, 3), (39, 4), (39, 5), (39, 6), (39, 7), (39, 8), (39, 9), (39, 10),
(39, 11), (39, 12), (39, 13), (39, 14), (39, 15), (39, 16), (39, 17), (39, 18), (39, 19), (39, 20),
(39, 21), (39, 22), (39, 23), (39, 24), (39, 25), (39, 26), (39, 27), (39, 28), (39, 29), (39, 30),
(40, 1), (40, 2), (40, 3), (40, 4), (40, 5), (40, 6), (40, 7), (40, 8), (40, 9), (40, 10),
(40, 11), (40, 12), (40, 13), (40, 14), (40, 15), (40, 16), (40, 17), (40, 18), (40, 19), (40, 20),
(40, 21), (40, 22), (40, 23), (40, 24), (40, 25), (40, 26), (40, 27), (40, 28), (40, 29), (40, 30),
-- schedule 41: 课程3(大学英语3), 班级[5,6]
(41, 5), (41, 6),
-- schedule 42: 课程8(概率论与数理统计), 班级[1,2]
(42, 1), (42, 2),
-- schedule 43: 课程14(算法设计与分析), 班级[7,8]
(43, 7), (43, 8),
-- schedule 44: 课程29(市场营销), 班级[27,28]
(44, 27), (44, 28),
-- schedule 45: 课程6(大学物理), 班级[1,2]
(45, 1), (45, 2),
-- schedule 46: 课程22(编译原理), 班级[18]
(46, 18),
-- schedule 47: 课程25(嵌入式系统开发), 班级[19,20]
(47, 19), (47, 20),
-- schedule 48: 课程30(商务写作), 班级[29,30]
(48, 29), (48, 30),
-- schedule 49: 课程24(通信原理), 班级[21,22,23,24]
(49, 21), (49, 22), (49, 23), (49, 24),
-- schedule 50: 课程26(数字信号处理), 班级[25]
(50, 25),
-- schedule 51-53: 公共选修课(影视鉴赏/人工智能导论/大数据技术), 全校30个班
(51, 1), (51, 2), (51, 3), (51, 4), (51, 5), (51, 6), (51, 7), (51, 8), (51, 9), (51, 10),
(51, 11), (51, 12), (51, 13), (51, 14), (51, 15), (51, 16), (51, 17), (51, 18), (51, 19), (51, 20),
(51, 21), (51, 22), (51, 23), (51, 24), (51, 25), (51, 26), (51, 27), (51, 28), (51, 29), (51, 30),
(52, 1), (52, 2), (52, 3), (52, 4), (52, 5), (52, 6), (52, 7), (52, 8), (52, 9), (52, 10),
(52, 11), (52, 12), (52, 13), (52, 14), (52, 15), (52, 16), (52, 17), (52, 18), (52, 19), (52, 20),
(52, 21), (52, 22), (52, 23), (52, 24), (52, 25), (52, 26), (52, 27), (52, 28), (52, 29), (52, 30),
(53, 1), (53, 2), (53, 3), (53, 4), (53, 5), (53, 6), (53, 7), (53, 8), (53, 9), (53, 10),
(53, 11), (53, 12), (53, 13), (53, 14), (53, 15), (53, 16), (53, 17), (53, 18), (53, 19), (53, 20),
(53, 21), (53, 22), (53, 23), (53, 24), (53, 25), (53, 26), (53, 27), (53, 28), (53, 29), (53, 30),
-- schedule 54: 课程6(大学物理), 班级[1,2]
(54, 1), (54, 2),
-- schedule 55: 课程7(线性代数), 班级[3,4]
(55, 3), (55, 4),
-- schedule 56: 课程18(计算机网络安全), 班级[11]
(56, 11),
-- schedule 57: 课程28(财务分析), 班级[27,28]
(57, 27), (57, 28),
-- schedule 58: 课程12(离散数学), 班级[1,2]
(58, 1), (58, 2),
-- schedule 59: 课程16(计算机组成原理), 班级[9,10]
(59, 9), (59, 10),
-- schedule 60: 课程21(数据库概论), 班级[16,17]
(60, 16), (60, 17),
-- schedule 61: 课程23(软件工程), 班级[19,20]
(61, 19), (61, 20),
-- schedule 62: 课程9(C语言程序设计), 班级[1,2]
(62, 1), (62, 2),
-- schedule 63: 课程13(数据结构), 班级[7,8]
(63, 7), (63, 8),
-- schedule 64-66: 公共选修课(艺术鉴赏/人工智能导论/计算机图形学), 全校30个班
(64, 1), (64, 2), (64, 3), (64, 4), (64, 5), (64, 6), (64, 7), (64, 8), (64, 9), (64, 10),
(64, 11), (64, 12), (64, 13), (64, 14), (64, 15), (64, 16), (64, 17), (64, 18), (64, 19), (64, 20),
(64, 21), (64, 22), (64, 23), (64, 24), (64, 25), (64, 26), (64, 27), (64, 28), (64, 29), (64, 30),
(65, 1), (65, 2), (65, 3), (65, 4), (65, 5), (65, 6), (65, 7), (65, 8), (65, 9), (65, 10),
(65, 11), (65, 12), (65, 13), (65, 14), (65, 15), (65, 16), (65, 17), (65, 18), (65, 19), (65, 20),
(65, 21), (65, 22), (65, 23), (65, 24), (65, 25), (65, 26), (65, 27), (65, 28), (65, 29), (65, 30),
(66, 1), (66, 2), (66, 3), (66, 4), (66, 5), (66, 6), (66, 7), (66, 8), (66, 9), (66, 10),
(66, 11), (66, 12), (66, 13), (66, 14), (66, 15), (66, 16), (66, 17), (66, 18), (66, 19), (66, 20),
(66, 21), (66, 22), (66, 23), (66, 24), (66, 25), (66, 26), (66, 27), (66, 28), (66, 29), (66, 30);

-- ============================================================================
-- 十一、选课时间段配置表（2条，FK→semester）
-- ============================================================================
INSERT INTO course_selection_period (id, semester_id, start_time, end_time, create_time, update_time) VALUES
(1, 2, '2024-02-26 08:00:00', '2024-03-08 23:59:59', '2024-02-20 08:00:00', '2024-02-20 08:00:00'),
(2, 3, '2024-09-02 08:00:00', '2024-09-13 23:59:59', '2024-08-25 08:00:00', '2024-08-25 08:00:00');

-- ============================================================================
-- 十二、选课表（140条，FK→student, course, semester）
-- 每个学生选2-3门课，含必修课和选修课
-- ============================================================================
INSERT INTO course_selection (id, student_id, course_id, semester_id, status, score, score_point) VALUES
-- 计科2101班学生(1,2) → 必修课(1,4,5,6)
(1,  1,  1,  2, '已选', NULL, NULL),
(2,  1,  4,  2, '已选', NULL, NULL),
(3,  1,  32, 2, '已选', NULL, NULL),
(4,  2,  1,  2, '已选', NULL, NULL),
(5,  2,  4,  2, '已选', NULL, NULL),
(6,  2,  33, 2, '已选', NULL, NULL),
-- 计科2102班学生(3,4) → 必修课(1,4,5,6)
(7,  3,  1,  2, '已选', NULL, NULL),
(8,  3,  4,  2, '已选', NULL, NULL),
(9,  3,  34, 2, '已选', NULL, NULL),
(10, 4,  1,  2, '已选', NULL, NULL),
(11, 4,  4,  2, '已选', NULL, NULL),
(12, 4,  35, 2, '已选', NULL, NULL),
-- 人工智能2101-2102班学生(5-8) → 必修课(10,11)
(13, 5,  10, 2, '已选', NULL, NULL),
(14, 5,  11, 2, '已选', NULL, NULL),
(15, 5,  32, 2, '已选', NULL, NULL),
(16, 6,  10, 2, '已选', NULL, NULL),
(17, 6,  11, 2, '已选', NULL, NULL),
(18, 6,  36, 2, '已选', NULL, NULL),
(19, 7,  10, 2, '已选', NULL, NULL),
(20, 7,  11, 2, '已选', NULL, NULL),
(21, 7,  37, 2, '已选', NULL, NULL),
(22, 8,  10, 2, '已选', NULL, NULL),
(23, 8,  11, 2, '已选', NULL, NULL),
(24, 8,  38, 2, '已选', NULL, NULL),
-- 数据科学2101-2102班学生(9-12) → 必修课(1,5,8,12)
(25, 9,  1,  2, '已选', NULL, NULL),
(26, 9,  5,  2, '已选', NULL, NULL),
(27, 9,  39, 2, '已选', NULL, NULL),
(28, 10, 1,  2, '已选', NULL, NULL),
(29, 10, 5,  2, '已选', NULL, NULL),
(30, 10, 40, 2, '已选', NULL, NULL),
(31, 11, 1,  2, '已选', NULL, NULL),
(32, 11, 8,  2, '已选', NULL, NULL),
(33, 11, 33, 2, '已选', NULL, NULL),
(34, 12, 1,  2, '已选', NULL, NULL),
(35, 12, 12, 2, '已选', NULL, NULL),
(36, 12, 34, 2, '已选', NULL, NULL),
-- 软件工程2101-2102班学生(13-16) → 必修课(13,14)
(37, 13, 13, 2, '已选', NULL, NULL),
(38, 13, 14, 2, '已选', NULL, NULL),
(39, 13, 32, 2, '已选', NULL, NULL),
(40, 14, 13, 2, '已选', NULL, NULL),
(41, 14, 14, 2, '已选', NULL, NULL),
(42, 14, 35, 2, '已选', NULL, NULL),
(43, 15, 13, 2, '已选', NULL, NULL),
(44, 15, 14, 2, '已选', NULL, NULL),
(45, 15, 36, 2, '已选', NULL, NULL),
(46, 16, 13, 2, '已选', NULL, NULL),
(47, 16, 14, 2, '已选', NULL, NULL),
(48, 16, 37, 2, '已选', NULL, NULL),
-- 网安2101-2102班学生(17-20) → 必修课(16,17)
(49, 17, 16, 2, '已选', NULL, NULL),
(50, 17, 17, 2, '已选', NULL, NULL),
(51, 17, 38, 2, '已选', NULL, NULL),
(52, 18, 16, 2, '已选', NULL, NULL),
(53, 18, 17, 2, '已选', NULL, NULL),
(54, 18, 39, 2, '已选', NULL, NULL),
(55, 19, 16, 2, '已选', NULL, NULL),
(56, 19, 17, 2, '已选', NULL, NULL),
(57, 19, 40, 2, '已选', NULL, NULL),
(58, 20, 16, 2, '已选', NULL, NULL),
(59, 20, 17, 2, '已选', NULL, NULL),
(60, 20, 33, 2, '已选', NULL, NULL),
-- 数学2101-2102班学生(23-26) → 必修课(19)
(61, 23, 19, 2, '已选', NULL, NULL),
(62, 23, 2,  2, '已选', NULL, NULL),
(63, 24, 19, 2, '已选', NULL, NULL),
(64, 24, 2,  2, '已选', NULL, NULL),
(65, 25, 19, 2, '已选', NULL, NULL),
(66, 25, 3,  2, '已选', NULL, NULL),
(67, 26, 19, 2, '已选', NULL, NULL),
(68, 26, 3,  2, '已选', NULL, NULL),
-- 英语2101-2102班学生(31-34) → 必修课(21)
(69, 31, 21, 2, '已选', NULL, NULL),
(70, 31, 33, 2, '已选', NULL, NULL),
(71, 32, 21, 2, '已选', NULL, NULL),
(72, 32, 34, 2, '已选', NULL, NULL),
(73, 33, 21, 2, '已选', NULL, NULL),
(74, 33, 35, 2, '已选', NULL, NULL),
(75, 34, 21, 2, '已选', NULL, NULL),
(76, 34, 36, 2, '已选', NULL, NULL),
-- 会计2101-2102班学生(37-40) → 必修课(23,25)
(77, 37, 23, 2, '已选', NULL, NULL),
(78, 37, 25, 2, '已选', NULL, NULL),
(79, 38, 23, 2, '已选', NULL, NULL),
(80, 38, 25, 2, '已选', NULL, NULL),
-- 数字媒体2101班学生(21-22) → 必修课(18)
(81, 21, 18, 2, '已选', NULL, NULL),
(82, 21, 34, 2, '已选', NULL, NULL),
(83, 22, 18, 2, '已选', NULL, NULL),
(84, 22, 36, 2, '已选', NULL, NULL),
-- 统计2101-2102班学生(27-30) → 必修课(20)
(85, 27, 20, 2, '已选', NULL, NULL),
(86, 27, 2,  2, '已选', NULL, NULL),
(87, 28, 20, 2, '已选', NULL, NULL),
(88, 28, 3,  2, '已选', NULL, NULL),
(89, 29, 20, 2, '已选', NULL, NULL),
(90, 29, 2,  2, '已选', NULL, NULL),
(91, 30, 20, 2, '已选', NULL, NULL),
(92, 30, 3,  2, '已选', NULL, NULL),
-- 日语2101班学生(35-36) → 必修课(22)
(93, 35, 22, 2, '已选', NULL, NULL),
(94, 35, 33, 2, '已选', NULL, NULL),
(95, 36, 22, 2, '已选', NULL, NULL),
(96, 36, 35, 2, '已选', NULL, NULL),
-- 会计2102班学生(39-40) → 必修课(23,25)
(97, 39, 23, 2, '已选', NULL, NULL),
(98, 39, 25, 2, '已选', NULL, NULL),
(99, 40, 23, 2, '已选', NULL, NULL),
(100,40, 25, 2, '已选', NULL, NULL),
-- 工商管理2101-2102班学生(41-44) → 必修课(24)
(101,41, 24, 2, '已选', NULL, NULL),
(102,41, 37, 2, '已选', NULL, NULL),
(103,42, 24, 2, '已选', NULL, NULL),
(104,42, 38, 2, '已选', NULL, NULL),
(105,43, 24, 2, '已选', NULL, NULL),
(106,43, 39, 2, '已选', NULL, NULL),
(107,44, 24, 2, '已选', NULL, NULL),
(108,44, 40, 2, '已选', NULL, NULL),
-- 汉语言2101班学生(49-50) → 必修课(26)
(109,49, 26, 2, '已选', NULL, NULL),
(110,49, 33, 2, '已选', NULL, NULL),
(111,50, 26, 2, '已选', NULL, NULL),
(112,50, 34, 2, '已选', NULL, NULL),
-- 新闻2101班学生(51-52) → 必修课(27)
(113,51, 27, 2, '已选', NULL, NULL),
(114,51, 35, 2, '已选', NULL, NULL),
(115,52, 27, 2, '已选', NULL, NULL),
(116,52, 36, 2, '已选', NULL, NULL),
-- 通信2101班学生(53-54) → 必修课(28)
(117,53, 28, 2, '已选', NULL, NULL),
(118,53, 37, 2, '已选', NULL, NULL),
(119,54, 28, 2, '已选', NULL, NULL),
(120,54, 38, 2, '已选', NULL, NULL),
-- 电子科学2101班学生(55-56) → 必修课(29)
(121,55, 29, 2, '已选', NULL, NULL),
(122,55, 39, 2, '已选', NULL, NULL),
(123,56, 29, 2, '已选', NULL, NULL),
(124,56, 40, 2, '已选', NULL, NULL),
-- 法学2101班学生(57-58) → 必修课(30,31)
(125,57, 30, 2, '已选', NULL, NULL),
(126,57, 31, 2, '已选', NULL, NULL),
(127,58, 30, 2, '已选', NULL, NULL),
(128,58, 31, 2, '已选', NULL, NULL),
-- 行政管理2101班学生(59-60) → 必修课(31)
(129,59, 31, 2, '已选', NULL, NULL),
(130,59, 33, 2, '已选', NULL, NULL),
(131,60, 31, 2, '已选', NULL, NULL),
(132,60, 34, 2, '已选', NULL, NULL),
-- 国贸2101班学生(45-46) → 选修课为主
(133,45, 24, 2, '已选', NULL, NULL),
(134,45, 32, 2, '已选', NULL, NULL),
(135,46, 24, 2, '已选', NULL, NULL),
(136,46, 33, 2, '已选', NULL, NULL),
-- 市场营销2101班学生(47-48) → 选修课为主
(137,47, 24, 2, '已选', NULL, NULL),
(138,47, 34, 2, '已选', NULL, NULL),
(139,48, 24, 2, '已选', NULL, NULL),
(140,48, 35, 2, '已选', NULL, NULL);

-- ============================================================================
-- 十三、成绩录入表（28条，FK→course, student, semester）
-- 模拟上学期(学期1)部分课程已出成绩
-- ============================================================================
INSERT INTO score_entry (id, course_id, student_id, semester_id, usual_score, final_score, total_score, makeup_score, score_point, exam_status, makeup_exam_id) VALUES
-- 计科2101班 张伟(1),李丽(2) 上学期成绩
(1,  4,  1, 1, 85.0, 78.0, 80.8, NULL, 3.0, '正常', NULL),
(2,  4,  2, 1, 90.0, 85.0, 87.0, NULL, 3.7, '正常', NULL),
(3,  5,  1, 1, 88.0, 82.0, 84.4, NULL, 3.3, '正常', NULL),
(4,  5,  2, 1, 75.0, 70.0, 72.0, NULL, 2.3, '正常', NULL),
(5,  1,  1, 1, 92.0, 88.0, 89.6, NULL, 3.7, '正常', NULL),
(6,  1,  2, 1, 80.0, 76.0, 77.6, NULL, 2.7, '正常', NULL),
-- 计科2102班 赵敏(4)
(8,  4,  4, 1, 95.0, 92.0, 93.2, NULL, 4.0, '正常', NULL),
(10, 5,  4, 1, 88.0, 90.0, 89.2, NULL, 3.7, '正常', NULL),
-- 人工智能2101班 刘洋(5),陈静(6)
(11, 10, 5, 1, 82.0, 78.0, 79.6, NULL, 3.0, '正常', NULL),
(12, 10, 6, 1, 90.0, 86.0, 87.6, NULL, 3.7, '正常', NULL),
(13, 11, 5, 1, 78.0, 74.0, 75.6, NULL, 2.7, '正常', NULL),
(14, 11, 6, 1, 85.0, 80.0, 82.0, NULL, 3.3, '正常', NULL),
-- 人工智能2102班 杨帆(7),周婷(8)
(15, 10, 7, 1, 72.0, 68.0, 69.6, NULL, 2.3, '正常', NULL),
(16, 10, 8, 1, 88.0, 84.0, 85.6, NULL, 3.3, '正常', NULL),
-- 数据科学2101班 吴昊(9),郑爽(10)
(17, 1,  9, 1, 80.0, 76.0, 77.6, NULL, 2.7, '正常', NULL),
(18, 1, 10, 1, 92.0, 90.0, 90.8, NULL, 4.0, '正常', NULL),
(19, 5,  9, 1, 75.0, 72.0, 73.2, NULL, 2.3, '正常', NULL),
(20, 5, 10, 1, 88.0, 85.0, 86.2, NULL, 3.3, '正常', NULL),
-- 数据科学2102班 冯凯(11),褚颖(12)
(21, 1, 11, 1, 68.0, 62.0, 64.4, NULL, 2.0, '正常', NULL),
(22, 1, 12, 1, 85.0, 82.0, 83.2, NULL, 3.3, '正常', NULL),
(23, 8, 11, 1, 72.0, 68.0, 69.6, NULL, 2.3, '正常', NULL),
(24, 8, 12, 1, 90.0, 88.0, 88.8, NULL, 3.7, '正常', NULL),
-- 软件工程2101班 孙浩(13),卫芳(14)
(25, 13, 13, 1, 85.0, 82.0, 83.2, NULL, 3.3, '正常', NULL),
(26, 13, 14, 1, 90.0, 88.0, 88.8, NULL, 3.7, '正常', NULL),
(27, 14, 13, 1, 78.0, 75.0, 76.2, NULL, 2.7, '正常', NULL),
(28, 14, 14, 1, 92.0, 90.0, 90.8, NULL, 4.0, '正常', NULL),
-- 计科2102班 王强(3) 挂科记录（补考标记）
(29, 4,  3, 1, 45.0, 42.0, 43.2, NULL, 0.0, '挂科', NULL),
(30, 5,  3, 1, 40.0, 38.0, 38.8, NULL, 0.0, '挂科', NULL);

-- ============================================================================
-- 十四、请假申请表（6条，FK→student, teacher）
-- 学生请假4条，教师请假2条
-- ============================================================================
INSERT INTO leave_request (id, applicant_type, applicant_id, approver_id, student_id, leave_type, start_time, end_time, reason, status, is_course_rescheduled, create_time, update_time) VALUES
(1, 'STUDENT', 1,  NULL, 1, '病假', '2024-03-15 08:00:00', '2024-03-15 17:00:00', '感冒发烧，需去医院就诊',      '已通过', 0, '2024-03-14 20:00:00', '2024-03-15 08:30:00'),
(2, 'STUDENT', 5,  NULL, 5, '事假', '2024-03-20 08:00:00', '2024-03-22 17:00:00', '家庭有急事需回家处理',        '待审批', 0, '2024-03-19 18:00:00', '2024-03-19 18:00:00'),
(3, 'STUDENT', 13, NULL, 13,'病假', '2024-04-01 08:00:00', '2024-04-02 17:00:00', '牙痛需要拔牙，已预约口腔医院', '已通过', 0, '2024-03-31 22:00:00', '2024-04-01 09:00:00'),
(4, 'STUDENT', 31, NULL, 31,'事假', '2024-04-10 08:00:00', '2024-04-10 12:00:00', '参加英语竞赛',                 '已通过', 0, '2024-04-08 15:00:00', '2024-04-09 10:00:00'),
(5, 'TEACHER', 3,  NULL, NULL,'病假', '2024-03-25 08:00:00', '2024-03-25 17:00:00', '身体不适，需请假休息一天',     '待审批', 1, '2024-03-24 22:00:00', '2024-03-24 22:00:00'),
(6, 'TEACHER', 5,  NULL, NULL,'事假', '2024-04-05 08:00:00', '2024-04-05 17:00:00', '参加学术会议',                 '已通过', 1, '2024-04-01 10:00:00', '2024-04-02 14:00:00');

-- ============================================================================
-- 十五、请假审批记录表（5条，FK→leave_request）
-- ============================================================================
INSERT INTO leave_approval_log (id, leave_request_id, approver_id, create_time, action, comment) VALUES
(1, 1, 1, '2024-03-15 08:30:00', '通过', '同意请假，注意身体'),
(2, 3, 1, '2024-04-01 09:00:00', '通过', '同意'),
(3, 4, 1, '2024-04-09 10:00:00', '通过', '祝比赛顺利'),
(4, 6, 1, '2024-04-02 14:00:00', '通过', '同意调课参加会议'),
(5, 2, 1, '2024-03-20 09:00:00', '驳回', '事由不够充分，请补充说明');

-- ============================================================================
-- 十六、调课记录表（3条，FK→leave_request, course_schedule, teacher）
-- ============================================================================
INSERT INTO course_reschedule (id, course_schedule_id, teacher_id, original_week_day, original_start_section, original_end_section, original_week_range, original_classroom_id, new_week_day, new_start_section, new_end_section, new_week_range, new_classroom_id, reason, status, approver_id, leave_request_id, approve_time, create_time, update_time) VALUES
(1, 20, 5, 2, 3, 4, '1-16周', 2, 2, 7, 8, '1-16周', 2, '因教师参加学术会议，周二3-4节软件测试调至周二7-8节', '已确认', 1, 6, '2024-04-02 14:00:00', '2024-04-01 10:30:00', '2024-04-02 14:00:00'),
(2, 19, 3, 2, 3, 4, '1-16周', 6, 2, 7, 8, '1-16周', 6, '教师病假，周二3-4节计算机组成原理申请调课',        '待确认', NULL, 5, NULL,                   '2024-03-24 22:00:00', '2024-03-24 22:00:00'),
(3, 23, 3, 2, 5, 6, '1-16周', 6, 2, 9, 10, '1-16周', 6, '教师病假，周二5-6节数据库原理申请调课',              '待确认', NULL, 5, NULL,                   '2024-03-24 22:00:00', '2024-03-24 22:00:00');

-- ============================================================================
-- 十七、实时通知表（8条，FK→student/teacher/admin）
-- ============================================================================
INSERT INTO notification (id, user_id, user_type, title, content, type, related_id, is_read, create_time) VALUES
(1, 1,  'STUDENT', '请假审批通知', '您的病假申请已通过审批',          'LEAVE_APPROVED', 1, 1, '2024-03-15 08:30:00'),
(2, 5,  'STUDENT', '请假审批通知', '您的请假申请已被退回，请重新提交', 'LEAVE_REJECTED',  2, 0, '2024-03-20 09:00:00'),
(3, 13, 'STUDENT', '请假审批通知', '您的病假申请已通过审批',          'LEAVE_APPROVED', 3, 1, '2024-04-01 09:00:00'),
(4, 31, 'STUDENT', '请假审批通知', '您的事假申请已通过审批',          'LEAVE_APPROVED', 4, 1, '2024-04-09 10:00:00'),
(5, 3,  'TEACHER', '调课审批通知', '您的调课申请已提交，等待审批',   'RESCHEDULE',     2, 0, '2024-03-24 22:00:00'),
(6, 5,  'TEACHER', '调课审批通知', '您的调课申请已通过审批',          'RESCHEDULE',     1, 1, '2024-04-02 14:00:00'),
(7, 3,  'TEACHER', '调课审批通知', '您的调课申请已提交，等待审批',   'RESCHEDULE',     3, 0, '2024-03-24 22:00:00'),
(8, 1,  'ADMIN',  '系统通知',      '有新的请假申请待审批',            'LEAVE_PENDING',  2, 0, '2024-03-19 18:00:00');

-- ============================================================================
-- 十八、通知公告表（4条，FK→teacher）
-- ============================================================================
INSERT INTO notice (id, title, content, publisher_id, type, scope, status, create_time, update_time) VALUES
(1, '关于2024年清明节放假的通知', '根据学校安排，清明节4月4日至4月6日放假调休，共3天。4月7日（星期日）补4月5日（星期五）的课程。请各位师生提前做好安排。', 1, '全校公告', '全部', '发布', '2024-03-25 10:00:00', '2024-03-25 10:00:00'),
(2, '关于2023-2024学年第二学期选课通知', '2023-2024学年第二学期选课将于2月26日8:00开放，请同学们在规定时间内登录系统完成选课。选课截止时间为3月8日23:59。', 1, '全校公告', '全部', '发布', '2024-02-20 09:00:00', '2024-02-20 09:00:00'),
(3, '计算机科学与技术学院学术讲座通知', '我院将于3月18日下午2:00在教学楼A-101举办"人工智能前沿技术"学术讲座，欢迎广大师生参加。', 2, '学院公告', '全部', '发布', '2024-03-15 14:00:00', '2024-03-15 14:00:00'),
(4, '关于校园网络维护的通知', '校园网络将于3月10日（周日）凌晨0:00-6:00进行维护升级，届时校园网及智慧校园系统将暂停服务，请相互转告。', 1, '全校公告', '全部', '发布', '2024-03-08 16:00:00', '2024-03-08 16:00:00');

-- ============================================================================
-- 十九、补考安排表（2条，FK→score_entry）
-- 针对挂科记录安排补考
-- ============================================================================
INSERT INTO makeup_exam (id, score_entry_id, exam_date, location, status, create_time, update_time) VALUES
(1, 29, '2024-03-10 09:00:00', '教学楼A-101', '已结束', '2024-02-20 10:00:00', '2024-03-10 12:00:00'),
(2, 30, '2024-03-12 14:00:00', '教学楼A-201', '已结束', '2024-02-20 10:00:00', '2024-03-12 17:00:00');

-- ============================================================================
-- 二十、图书分类表（6条，无外键依赖）
-- ============================================================================
INSERT INTO book_category (id, category_name, category_code, create_time, update_time) VALUES
(1, '计算机科学', 'CS', '2023-09-01 08:00:00', '2023-09-01 08:00:00'),
(2, '数学',       'MATH', '2023-09-01 08:00:00', '2023-09-01 08:00:00'),
(3, '文学',       'LIT', '2023-09-01 08:00:00', '2023-09-01 08:00:00'),
(4, '经济管理',   'ECON', '2023-09-01 08:00:00', '2023-09-01 08:00:00'),
(5, '外语',       'LANG', '2023-09-01 08:00:00', '2023-09-01 08:00:00'),
(6, '法学',       'LAW', '2023-09-01 08:00:00', '2023-09-01 08:00:00');

-- ============================================================================
-- 二十一、图书信息表（10条，FK→book_category）
-- ============================================================================
INSERT INTO book (id, isbn, title, author, publisher, publish_date, category_id, total_copies, available_copies, status, cover_image, description) VALUES
(1, '978-7-302-45870-2', '算法导论(第三版)',       'Thomas H. Cormen', '机械工业出版社', '2013-01-01', 1, 5, 4, '正常', NULL, '计算机科学经典教材，涵盖算法设计与分析'),
(2, '978-7-111-43215-3', '数据结构与算法分析',      'Mark Allen Weiss', '人民邮电出版社', '2015-06-01', 1, 3, 2, '正常', NULL, 'Java语言描述的数据结构教材'),
(3, '978-7-121-34567-8', '高等数学(第七版)上册',   '同济大学数学系', '高等教育出版社', '2014-07-01', 2, 10, 8, '正常', NULL, '工科高等数学标准教材'),
(4, '978-7-04-045678-9', '线性代数',               '同济大学数学系', '高等教育出版社', '2014-11-01', 2, 8, 7, '正常', NULL, '工科线性代数标准教材'),
(5, '978-7-02-012345-6', '红楼梦',                 '曹雪芹',         '人民文学出版社', '2008-05-01', 3, 5, 5, '正常', NULL, '中国古典四大名著之首'),
(6, '978-7-02-012346-3', '围城',                   '钱钟书',         '人民文学出版社', '2012-06-01', 3, 3, 3, '正常', NULL, '钱钟书长篇小说代表作'),
(7, '978-7-300-12345-7', '经济学原理(微观经济学分册)', 'N. Gregory Mankiw', '北京大学出版社', '2015-01-01', 4, 5, 4, '正常', NULL, '经济学入门经典教材'),
(8, '978-7-300-12346-4', '管理学',                 '斯蒂芬·罗宾斯', '中国人民大学出版社', '2017-03-01', 4, 4, 3, '正常', NULL, '管理学经典教材'),
(9, '978-7-5600-5678-9', '新概念英语3',            'L.G. Alexander', '外语教学与研究出版社', '1997-10-01', 5, 6, 5, '正常', NULL, '经典英语学习教材'),
(10,'978-7-5118-1234-5', '法理学',                 '张文显',         '法律出版社', '2018-09-01', 6, 3, 3, '正常', NULL, '法学核心课程教材');

-- ============================================================================
-- 二十二、借阅记录表（8条，FK→student, book）
-- ============================================================================
INSERT INTO borrow_record (id, borrow_no, user_id, book_id, borrow_date, due_date, return_date, status) VALUES
(1, 'BW202403010001', 1,  1, '2024-03-01', '2024-04-01', '2024-03-28', '已归还'),
(2, 'BW202403020002', 2,  3, '2024-03-02', '2024-04-02', NULL,         '借阅中'),
(3, 'BW202403030003', 5,  2, '2024-03-03', '2024-04-03', NULL,         '借阅中'),
(4, 'BW202403040004', 13, 7, '2024-03-04', '2024-04-04', '2024-03-30', '已归还'),
(5, 'BW202403050005', 31, 9, '2024-03-05', '2024-04-05', NULL,         '借阅中'),
(6, 'BW202403060006', 37, 8, '2024-03-06', '2024-04-06', NULL,         '借阅中'),
(7, 'BW202403070007', 1,  5, '2024-03-07', '2024-04-07', NULL,         '借阅中'),
(8, 'BW202403080008', 23, 4, '2024-03-08', '2024-04-08', NULL,         '借阅中');

-- ============================================================================
-- 二十三、座位信息表（10条，FK→classroom，关联图书馆阅览室）
-- ============================================================================
INSERT INTO seat (id, room_id, seat_number, status) VALUES
(1,  1, 'A-01', '空闲'),
(2,  1, 'A-02', '空闲'),
(3,  1, 'A-03', '空闲'),
(4,  2, 'B-01', '空闲'),
(5,  2, 'B-02', '空闲'),
(6,  3, 'C-01', '空闲'),
(7,  3, 'C-02', '空闲'),
(8,  4, 'D-01', '空闲'),
(9,  4, 'D-02', '空闲'),
(10, 5, 'E-01', '空闲');

-- ============================================================================
-- 二十四、座位预约表（5条，FK→student, seat）
-- ============================================================================
INSERT INTO seat_reservation (id, reservation_no, user_id, seat_id, date, start_time, end_time, leave_time, status) VALUES
(1, 'SR202403150001', 1,  1, '2024-03-15', '08:00:00', '12:00:00', '2024-03-15 12:00:00', '已签退'),
(2, 'SR202403160002', 2,  2, '2024-03-16', '08:00:00', '12:00:00', NULL,                   '已签到'),
(3, 'SR202403170003', 5,  3, '2024-03-17', '14:00:00', '18:00:00', NULL,                   '待签到'),
(4, 'SR202403180004', 13, 4, '2024-03-18', '09:00:00', '17:00:00', '2024-03-18 16:30:00', '暂离'),
(5, 'SR202403190005', 31, 5, '2024-03-19', '08:00:00', '20:00:00', NULL,                   '待签到');

-- ============================================================================
-- 二十五、阅读报告表（2条，FK→student）
-- ============================================================================
INSERT INTO reading_report (id, user_id, semester, total_borrow, fav_category, analysis_text, create_time) VALUES
(1, 1, '2023-2024学年第一学期', 5, '计算机科学', '该生借阅主要集中在计算机科学领域，偏好算法与程序设计类书籍，具有较强的专业学习主动性。', '2024-01-20 10:00:00'),
(2, 2, '2023-2024学年第一学期', 3, '数学',         '该生借阅以数学类教材为主，推测正在备考研究生入学考试，建议适当增加课外阅读广度。',     '2024-01-20 10:00:00');